Nome,banda,afinação,quem começa,categoria,nacional/internacional
Mercador de almas,detonautas,,VS,ROCK,Nacional,,,,,,intro
My Hero,foo fighters,,BATERIA,rock,Internacional,,,,,,rock
Fly Away,lenny kravitz,,GUITARRA,rock,Internacional,,,,,,rock
It's my life,bon jovi,,VS,rock,Internacional,,,,,,rock
Animal,pearl jam,,CONTA 4,grunge,Internacional,,,,,,grunge
Enter Sandman,enter sandman,,EMENDA,metal,Internacional,,,,,,metal
Song 2,blur,,EMENDA,grunge,Internacional,,,,,,grunge
Sex on fire,kings of leon,,EMENDA,rock,Internacional,,,,,,rock
Plush,stone temple pilots,,CONTA 4,grunge,Internacional,,,,,,grunge
Like a Stone,audioslave,,CONTA 4,grunge,Internacional,,,,,,grunge
IRIS,goo goo dolls,,guiTARRA,rock,Internacional,,,,,,rock
Dani California,Red Hot Chili Peppers,,BATERIA,rock,Internacional,,,,,,rock
Outro Lugar,detonautas,,VIRADA BATERIA,punk,Nacional,,,,,,punk
Vertigo,u2,,BATERIA,rock,Internacional,,,,,,rock
Mulher de fases,raimundos,,GUITARRA,punk,Nacional,,,,,,punk
breed,nirvana,,GUITARRA,grunge,Internacional,,,,,,grunge
bromoprida pra mim,charlie brown jr,,conta 4,rock,Nacional,,,,,,rock
papo reto,charlie brown jr,,conta 4,rock,Nacional,,,,,,rock
quem sabe,los hermanos,,conta 4,punk,Nacional,,,,,,punk
anna julia,los hermanos,,GUITARRA,rock,Nacional,,,,,,rock
fátima,capital inicial,,,rock,Nacional,,,,,,rock
carla,ls jack,,,rock,Nacional,,,,,,rock
que país é esse,legião urbana,,,rock,Nacional,,,,,,rock
geração coca cola,legião urbana,,,punk,Nacional,,,,,,punk
SERÁ,legião urbana,,,rock,Nacional,,,,,,rock
CLUBE DOS CANALHAS,matanza,,,metal,Nacional,,,,,,metal
SÓ POR HOJE,detonautas,,,rock,Nacional,,,,,,rock
American Idiot,green day,,GUITARRA,punk,Internacional,,,,,,punk
HOLIDAY,green day,,GUITARRA,punk,Internacional,,,,,,punk
BOULEVARD of broken dreams,green day,,emenda,punk,Internacional,,,,,,punk
BASKET CASE,green day,,voz + guitarra,punk,Internacional,,,,,,punk
SHE,green day,,baixo,punk,Internacional,,,,,,punk
UM MIN. FIM MUNDO,cpm22,,baixo,punk,Nacional,,,,,,punk
DIAS ATRÁS,cpm22,,conta 4,punk,Nacional,,,,,,punk
ALIVE,pearl jam,,GUITARRA,grunge,Internacional,,,,,,grunge
ANIMAL,pearl jam,,conta 4,grunge,Internacional,,,,,,
SPIN THE BLACK CIRCLE,pearl jam,,GUITARRA,grunge,Internacional,,,,,,grunge
JEREMY,pearl jam,,baixo,grunge,Internacional,,,,,,
SIRENS,pearl jam,,conta 4,grunge,Internacional,,,,,,
GIVEN TO FLY,pearl jam,,conta 4,grunge,Internacional,,,,,,grunge
BETTER MAN,pearl jam,,GUITARRA,grunge,Internacional,,,,,,
DO THE EVOLUTION,pearl jam,,GUITARRA,grunge,Internacional,,,,,,
ELDERLY WOMAN,pearl jam,,,grunge,Internacional,,,,,,
WHY GO,pearl jam,,,grunge,Internacional,,,,,,
DAUGHTER,pearl jam,,,grunge,Internacional,,,,,,grunge
PORCH,pearl jam,,,grunge,Internacional,,,,,,
LAST KISS,pearl jam,,,grunge,Internacional,,,,,,
YELLOW LEDBETTER,pearl jam,,,grunge,Internacional,,,,,,grunge
BLACK,pearl jam,,,grunge,Internacional,,,,,,grunge
COURDUROY,pearl jam,,,grunge,Internacional,,,,,,grunge
EVEN FLOW,pearl jam,DROP D,CONTA 4,grunge,Internacional,,,,,,grunge
Everlong,foo fighters,DROP D,GUITARRA,grunge,Internacional,,,,,,grunge
my sacrifice,creed,DROP D,,grunge,Internacional,,,,,,grunge
higher,creed,DROP D,,grunge,Internacional,,,,,,grunge
Máscara (Sweet Dreams incidental),pitty,DROP C,CONTA 4,metal,Nacional,,,,,,metal
Admiravel Chip Novo,pitty,DROP C#,VIRADA BATERIA,metal,Nacional,,,,,,metal
Eu quero ver o oco,raimundos,DROP D,BAIXO,metal,Nacional,,,,,,metal
killing in the name,ratm,drop d,conta 4,metal,Internacional,,,,,,metal
take a look around,limp bizkit,drop c,guitarra,metal,Internacional,,,,,,metal
aerials,soad,drop c,,metal,Internacional,,,,,,metal
Toxicity,soad,DROP C,GUITARRA,metal,Internacional,,,,,,metal
Fire,autoral,DROP C#,VS,metal,Internacional,,,,,,metal
In The End,linkin park,DROP C#,VS,metal,Internacional,,,,,,metal
,,,,,,,,,,,metal
